{
    "appid": 243470,
    "name": "Watch_Dogs",
    "type": "Game",
    "schinese_name": "看门狗",
    "isfreeapp": 0,
    "update_time": "2025-06-24 20:30:24",
    "change_number": 29718826,
    "depot": {
        "overridescddb": "1",
        "baselanguages": "",
        "markdlcdepots": "1",
        "228982": {
            "config": {
                "oslist": "windows"
            },
            "depotfromapp": "228980",
            "sharedinstall": "1"
        },
        "228983": {
            "config": {
                "oslist": "windows"
            },
            "depotfromapp": "228980",
            "sharedinstall": "1"
        },
        "228990": {
            "config": {
                "oslist": "windows"
            },
            "depotfromapp": "228980",
            "sharedinstall": "1"
        },
        "229000": {
            "config": {
                "oslist": "windows"
            },
            "depotfromapp": "228980",
            "sharedinstall": "1"
        },
        "229001": {
            "config": {
                "oslist": "windows"
            },
            "depotfromapp": "228980",
            "sharedinstall": "1"
        },
        "243437": {
            "config": {
                "language": "english"
            },
            "manifests": {
                "public": {
                    "gid": "6543707150037666796",
                    "size": "1790331721",
                    "download": "1627486464"
                }
            },
            "decryptionkey": "453ae22778c9a046e28bf731c08bb0af550566ad0cc47fdd6a75e8e589c29807"
        },
        "243472": {
            "config": {
                "language": "french"
            },
            "manifests": {
                "public": {
                    "gid": "1774278393062350330",
                    "size": "1715166856",
                    "download": "1559324560"
                }
            },
            "decryptionkey": "adee09eb2f2f87a7fc5bd5abc7a6daef85889156da92e591b198bb6e7066ed25"
        },
        "243473": {
            "config": {
                "language": "german"
            },
            "manifests": {
                "public": {
                    "gid": "7393497789577191823",
                    "size": "1709158665",
                    "download": "1544030016"
                }
            },
            "decryptionkey": "1d449edba5ff3d393d749ad7ea8bc577c4331c3304077f8f4b5d53dc2930195e"
        },
        "243474": {
            "config": {
                "language": "italian"
            },
            "manifests": {
                "public": {
                    "gid": "2677117606687932389",
                    "size": "1735060841",
                    "download": "1568897488"
                }
            },
            "decryptionkey": "8cc4873c48760bd3d472680bfaac98003d53453ae5499106891a145d44d1bf02"
        },
        "243475": {
            "config": {
                "language": "swedish"
            },
            "manifests": {
                "public": {
                    "gid": "2641619498238537385",
                    "size": "1789783788",
                    "download": "1627404560"
                }
            },
            "decryptionkey": "27a0151c5291c7402580483b0bfdd52f23ca8be8137ada3ff44e214b4a31d4e4"
        },
        "243476": {
            "config": {
                "language": "finnish"
            },
            "manifests": {
                "public": {
                    "gid": "6893969456469766077",
                    "size": "1789810445",
                    "download": "1627411824"
                }
            },
            "decryptionkey": "594073c6d5066dfb653a5f25e86d8abb71968c8bb8a0dc9b1335333a3628b96d"
        },
        "243477": {
            "config": {
                "language": "norwegian"
            },
            "manifests": {
                "public": {
                    "gid": "4746735065034948169",
                    "size": "1789791525",
                    "download": "1627404976"
                }
            },
            "decryptionkey": "b4f1f4125b68cb58e579b0e9721d1a11b0702e53667376b2077bcf8ad5aa7680"
        },
        "243478": {
            "config": {
                "language": "dutch"
            },
            "manifests": {
                "public": {
                    "gid": "5408765191612297193",
                    "size": "1788961050",
                    "download": "1626604288"
                }
            },
            "decryptionkey": "4c3dba743034ec7845b0f9275b8b5fb8b6a404ddf6a51fbc14ff910def21ca33"
        },
        "243479": {
            "config": {
                "language": "portuguese"
            },
            "manifests": {
                "public": {
                    "gid": "1781482215680542239",
                    "size": "1790554223",
                    "download": "1628158032"
                }
            },
            "decryptionkey": "8194a59d76827d5c6a853c7d28610826d4ce54d4584ec1c3ed0945c16f7cc5f6"
        },
        "243480": {
            "config": {
                "language": "brazilian"
            },
            "manifests": {
                "public": {
                    "gid": "2163185997145201045",
                    "size": "1736606991",
                    "download": "1568694160"
                }
            },
            "decryptionkey": "2f41dda0871fbd049db13e5b8c93aaed31ec2fa1a4507fb680825bc2c88f3e2f"
        },
        "243481": {
            "config": {
                "language": "polish"
            },
            "manifests": {
                "public": {
                    "gid": "3669181965975934130",
                    "size": "1789085747",
                    "download": "1626676016"
                }
            },
            "decryptionkey": "1ad1e106f29b29021045fb5612bc652122ac6ab4706e389668b7e47c7848c658"
        },
        "243482": {
            "config": {
                "language": "japanese"
            },
            "manifests": {
                "public": {
                    "gid": "6839500667345753022",
                    "size": "1728101237",
                    "download": "1562946768"
                }
            },
            "decryptionkey": "b6b6c54173d11c7c6fbb2d3d227d2367e65be1af56f2bc123fc1f3bd11227714"
        },
        "243483": {
            "config": {
                "language": "russian"
            },
            "manifests": {
                "public": {
                    "gid": "3426855786923651137",
                    "size": "1746460363",
                    "download": "1567748224"
                }
            },
            "decryptionkey": "d6f43caf35e3e8daf4e4a862986323a0e8c36054795a60445b4a1641bd01852c"
        },
        "243484": {
            "config": {
                "language": "hungarian"
            },
            "manifests": {
                "public": {
                    "gid": "8917800849169533312",
                    "size": "1789781351",
                    "download": "1627404384"
                }
            },
            "decryptionkey": "832dd18b8c9afe55acf05d8e3e515017d8b514dd65e765b4953b2d96b9216a1d"
        },
        "243485": {
            "config": {
                "language": "czech"
            },
            "manifests": {
                "public": {
                    "gid": "6736938428494126940",
                    "size": "1789778144",
                    "download": "1627403600"
                }
            },
            "decryptionkey": "0aeb55622681b144828a6849484dc93183780e441b6b39927beeae067309faea"
        },
        "243486": {
            "config": {
                "language": "koreana"
            },
            "manifests": {
                "public": {
                    "gid": "5022705916316509828",
                    "size": "1789877599",
                    "download": "1627412816"
                }
            },
            "decryptionkey": "50d971a41af68757304374ae351e21830d32a81826ca7e19d71c2623572bd840"
        },
        "243487": {
            "config": {
                "language": "tchinese"
            },
            "manifests": {
                "public": {
                    "gid": "4679331382201445970",
                    "size": "1796309493",
                    "download": "1628872640"
                }
            },
            "decryptionkey": "0f3838c855b1d540db4881c89acb9da28b8eb4d07c45832100cdb1b8ea9f62cf"
        },
        "243488": {
            "config": {
                "language": "spanish"
            },
            "manifests": {
                "public": {
                    "gid": "1897496850595183508",
                    "size": "1743565807",
                    "download": "1576180880"
                }
            },
            "decryptionkey": "cfd8e9b779bd2109bbd9012343bc97404613327295698ea49438488e9e374f83"
        },
        "293055": {
            "dlcappid": "293055",
            "manifests": {
                "public": {
                    "gid": "7966729444078833786",
                    "size": "28037350",
                    "download": "27574352"
                }
            },
            "decryptionkey": "07308d946c4eb0c38ed54ddec03e7dc70cbd9905f16aafb23f4ebb1366eeedf4"
        },
        "293057": {
            "dlcappid": "293057",
            "manifests": {
                "public": {
                    "gid": "3489527419200560368",
                    "size": "30841083",
                    "download": "30542640"
                }
            },
            "decryptionkey": "95474de677410428364ae70a1f391406da35f6d14b72dda6a7aa42a5040757e5"
        },
        "293059": {
            "dlcappid": "293059",
            "manifests": {
                "public": {
                    "gid": "6421005004532097582",
                    "size": "1147",
                    "download": "656"
                }
            },
            "decryptionkey": "c3e377b39e27482ab87c3cd9fe1beb790a8252bf15b914898f3382b5a31f231b"
        },
        "293061": {
            "dlcappid": "293061",
            "manifests": {
                "public": {
                    "gid": "4116348827715489844",
                    "size": "3718567700",
                    "download": "3574260112"
                }
            },
            "decryptionkey": "b6875dd3b7ed1e9c2a8e1ddbb62626e2f4302fc2eefd01b2fbae3b09b5718a8c"
        },
        "293063": {
            "config": {
                "language": "russian"
            },
            "manifests": {
                "public": {
                    "gid": "40897716262624801",
                    "size": "101033749",
                    "download": "100109648"
                }
            },
            "decryptionkey": "cc1a8f01eb4a11345eb1426b7dfc217515d7f5024a2eb3f01ad10254fd5fbbc8"
        },
        "293064": {
            "config": {
                "language": "danish"
            },
            "manifests": {
                "public": {
                    "gid": "3858197885764284729",
                    "size": "1789791547",
                    "download": "1627405264"
                }
            },
            "decryptionkey": "fcb1eb3608df8698384c34215f8f1d5ed286f5d9c61ea603d5eef88e2ff11f41"
        },
        "293054": {
            "dlcappid": "293054",
            "manifests": {
                "public": {
                    "gid": "3534712475932838237",
                    "size": "525",
                    "download": "480"
                }
            },
            "decryptionkey": "6a07e87977d2328dfb2ca918bf228022d5a6d1d02fb86a29f3e460bd8ce415cf"
        },
        "293066": {
            "manifests": {
                "public": {
                    "gid": "2536281954435214171",
                    "size": "102629048",
                    "download": "101645520"
                }
            },
            "decryptionkey": "fece6518ba9e73e347f13b81a872b821f63a23d9c912e1a236d3dd4d50c9306e"
        },
        "293065": {
            "manifests": {
                "public": {
                    "gid": "5159588849394621757",
                    "size": "12713769236",
                    "download": "12174447168"
                }
            },
            "decryptionkey": "b1f2ed2249e2729518e713e6e3ae3319f4f428d1d506728457fbed4c2b175499"
        },
        "293067": {
            "manifests": {
                "public": {
                    "gid": "6512055718638381686",
                    "size": "9978131",
                    "download": "9913264"
                }
            },
            "decryptionkey": "024b05c77945604f9c49ffb1be8ae42ffdd68b18cead5dd3061fc0c6783bb72f"
        },
        "298789": {
            "config": {
                "language": "tchinese"
            },
            "manifests": {
                "public": {
                    "gid": "2879812338883668516",
                    "size": "1792722641",
                    "download": "1625542736"
                }
            },
            "decryptionkey": "58ac0b7fc7366ee2845552f479408b4ffc19514d35b552e1ba0b5600101861f1"
        },
        "298918": {
            "config": {
                "language": "english"
            },
            "manifests": {
                "public": {
                    "gid": "8075397187365750216",
                    "size": "1786744869",
                    "download": "1624156560"
                }
            },
            "decryptionkey": "c68273003c364892abf9f9553b801056e90a6b572feccfa9bfb8621d78ce26c5"
        },
        "293068": {
            "config": {
                "language": "japanese"
            },
            "manifests": {
                "public": {
                    "gid": "8901343776127074727",
                    "size": "1753724152",
                    "download": "1593438064"
                }
            },
            "decryptionkey": "9e71b1e0cde5fb03c88861e9f84ef4f1cbdf6414bdc8050be26a17923c2d4726"
        },
        "293069": {
            "config": {
                "language": "koreana"
            },
            "manifests": {
                "public": {
                    "gid": "1249918633068890571",
                    "size": "1786290747",
                    "download": "1624082912"
                }
            },
            "decryptionkey": "bd7d9a6a1157b8d20ee3a1730c8b530ba9eb80a33c9e4072efebcbc0543c99a7"
        },
        "243489": {
            "manifests": {
                "public": {
                    "gid": "362035036454864186",
                    "size": "109784131",
                    "download": "108579104"
                }
            },
            "decryptionkey": "86697691499c13832dca56937a77ba2d88033449e9fa0ec94184f220ea967f78"
        },
        "243471": {
            "systemdefined": "1",
            "config": {
                "oslist": "windows"
            },
            "manifests": {
                "public": {
                    "gid": "5582561119037069284",
                    "size": "12728690915",
                    "download": "12188550272"
                }
            },
            "decryptionkey": "77184dab3ba78bfc47c7a4de0a466dcecc808954c08be694e6772e5efdca2d21"
        },
        "298919": {},
        "300668": {
            "config": {
                "language": "schinese"
            },
            "manifests": {
                "public": {
                    "gid": "6878173766487895011",
                    "size": "1789752669",
                    "download": "1584170816"
                }
            },
            "decryptionkey": "10f6f19ea39ad6c757590a877d7c7a6686e479e21af0a7754d942160102d1cb0"
        },
        "1716751": {
            "manifests": {
                "public": {
                    "gid": "818295193716041715",
                    "size": "632424",
                    "download": "551504"
                }
            },
            "depotfromapp": "1716750",
            "decryptionkey": "84780b728a23b1dabbe8b064807ccd3dbd40c67139ed569101104a418c581675"
        },
        "branches": {
            "public": {
                "buildid": "11241563",
                "timeupdated": "1684235753"
            }
        },
        "privatebranches": "1"
    }
}